RMS.FP,爱马仕HERMES,Others,FR0000052292,RMS FP,RMS,,HRMS.PA,HRMS.PA,beadc816-d481-11d5-8f83-f03a82eb7e91,EURONEXT,98
TTE.FP,TOTALENERGIES SE,Others,FR0000120271,TTE FP,TTE,,TTEF.PA,TTEF.PA,,EURONEXT,
OR.FP,欧莱雅L'OREAL,Others,FR0000120321,OR FP,OR,,OREP.PA,OREP.PA,,EURONEXT,
SAN.FP,SANOFI,Others,FR0000120578,SAN FP,SAN,,SANY.PA,SANY.PA,,EURONEXT,
CS.FP,安盛AXA,Others,FR0000120628,CS FP,CS,,AXAF.PA,AXAF.PA,,EURONEXT,
MC.FP,LVMH路易威登,Others,FR0000121014,MC FP,MC,,LVMH.PA,LVMH.PA,c9fd87e2-d481-11d5-8f83-f03a82eb7e91,EURONEXT,186
AIR.FP,空中客车AIRBUS,Others,NL0000235190,AIR FP,AIR,,AIRF.PA,AIRF.PA,,EURONEXT,199
RACE.IM,法拉利FERRARI,Others,NL0011585146,RACE IM,RACE,,RACE.N,RACE.N,,EURONEXT,
INGA.NA,ING荷兰国际集团,Others,NL0011821202,INGA NA,INGA,,INGA.AS,INGA.AS,,EURONEXT,112
BNP.FP,巴黎银行集团,Others,,BNP FP,BNP,,BNPP.PA,BNPP.PA,,EURONEXT,157
3690.HK,美团,Hong Kong,KYG596691041,3690 HK,3690,MPNGF,3690.HK,3690.HK,,HKSE,21
1024.HK,快手,Hong Kong,KYG532631028,1024 HK,1024,KUASF,1024.HK,1024.HK,,HKSE,26
0700.HK,腾讯控股,Hong Kong,KYG875721634,700 HK,0700,TCEHY,0700.HK,0700.HK,,HKSE,14
1211.HK,比亚迪,Hong Kong,0,1211 HK,1211,BYDDF,1211.HK,1211.HK,,HKSE,30
0631.HK,三一国际,Hong Kong,KYG781631059,631 HK,0631,SNYYF,0631.HK,0631.HK,,HKSE,
2318.HK,中国平安,Hong Kong,CNE1000003X6,2318 HK,2318,PNGAY,2318.HK,2318.HK,,HKSE,51
1299.HK,友邦保险,Hong Kong,HK0000069689,1299 HK,1299,AAGIY,1299.HK,1299.HK,,HKSE,25
0388.HK,香港交易所,Hong Kong,HK0388045442,388 HK,0388,HKXCF,0388.HK,0388.HK,,HKSE,35
0005.HK,汇丰控股,Hong Kong,ARDEUT112257,5 HK,0005,HSBC,0005.HK,0005.HK,,HKSE,10
3968.HK,招商银行,Hong Kong,CNE1000002M1,3968 HK,3968,CIHKY,3968.HK,3968.HK,,HKSE,69
1810.HK,小米集团,Hong Kong,0,1810 HK,1810,XIACF,1810.HK,1810.HK,,HKSE,40
1458.HK,周黑鸭,Hong Kong,KYG989761062,1458 HK,1458,,1458.HK,1458.HK,,HKSE,
2020.HK,安踏体育,Hong Kong,KYG040111059,2020 HK,2020,ANPDY,2020.HK,2020.HK,,HKSE,156
2331.HK,李宁,Hong Kong,KYG5496K1242,2331 HK,2331,LNNGF,2331.HK,2331.HK,,HKSE,88
0883.HK,中国海洋石油,Hong Kong,HK0883013259,883 HK,0883,CEOHF,0883.HK,0883.HK,,HKSE,71
0857.HK,中国石油股份,Hong Kong,CNE1000003W8,857 HK,0857,PCCYF,0857.HK,0857.HK,,HKSE,
0386.HK,中石化,Hong Kong,CNE1000002Q2,386 HK,0386,SNPMF,0386.HK,0386.HK,,HKSE,
0981.HK,中芯国际,Hong Kong,KYG8020E1199,981 HK,0981,SIUIF,0981.HK,0981.HK,,HKSE,118
2899.HK,紫金矿业,Hong Kong,CNE100000502,2899 HK,2899,ZIJMF,2899.HK,2899.HK,,HKSE,
1378.HK,中国宏桥,Hong Kong,KYG211501005,1378 HK,1378,CHHQF,1378.HK,1378.HK,,HKSE,120
0941.HK,中国移动,Hong Kong,HK0941009539,941 HK,0941,CHL,0941.HK,0941.HK,,HKSE,114
0823.HK,领展房产基金,Hong Kong,HK0823032773,823 HK,0823,LKREF,0823.HK,0823.HK,,HKSE,
1368.HK,特步,Hong Kong,KYG982771092,1368 HK,1368,XTEPY,1368.HK,1368.HK,,HKSE,
2171.HK,科济药业,Hong Kong,KYG1996C1006,2171 HK,2171,CRTHF,2171.HK,2171.HK,,HKSE,
2359.HK,药明康德,Hong Kong,CNE100003F19,2359 HK,2359,WUXIF,2359.HK,2359.HK,,HKSE,
2333.HK,长城汽车,Hong Kong,CNE100000338,2333 HK,2333,GWLLF,2333.HK,2333.HK,,HKSE,
2269.HK,药明生物,Hong Kong,KYG970081090,2269 HK,2269,WXXWY,2269.HK,2269.HK,,HKSE,74
0017.HK,新世界发展,Hong Kong,,17 HK,0017,,0017.HK,0017.HK,,HKSE,
0016.HK,新鸿基地产,Hong Kong,,16 HK,0016,,0016.HK,0016.HK,,HKSE,
0175.HK,吉利汽车,Hong Kong,,175 HK,0175,,0175.HK,0175.HK,,HKSE,93
0384.HK,CHINA GAS HOLDINGS LTD,Hong Kong,BMG2109G1033,384 HK,0384,,0384.HK,0384.HK,,HKSE,
1193.HK,CHINA RESOURCES GAS GROUP LT,Hong Kong,BMG2113B1081,1193 HK,1193,,1193.HK,1193.HK,,HKSE,
8083.HK,CHINA YOUZAN LTD,Hong Kong,BMG2164J1099,8083 HK,8083,,8083.HK,8083.HK,,HKSE,
0636.HK,KERRY LOGISTICS 嘉里物流,Hong Kong,BMG524181036,636 HK,0636,,0636.HK,0636.HK,,HKSE,
2689.HK,NINE DRAGONS PAPER HOLDINGS,Hong Kong,BMG653181005,2689 hK,2689,,2689.HK,2689.HK,,HKSE,
3988.HK,中国银行,Hong Kong,CNE1000001Z5,3988 HK,3988,,3988.HK,3988.HK,,HKSE,189
0694.HK,BEIJING CAPITAL INTL AIRPO-H,Hong Kong,CNE100000221,694 HK,0694,,0694.HK,0694.HK,,HKSE,
1919.HK,COSCO海运,Hong Kong,CNE1000002J7,1919 HK,1919,,1919.HK,1919.HK,,HKSE,
2628.HK,中国人寿,Hong Kong,CNE1000002L3,2628 HK,2628,,2628.HK,2628.HK,,HKSE,67
0728.HK,中国电信,Hong Kong,CNE1000002V2,728 HK,0728,,0728.HK,0728.HK,,HKSE,
1398.HK,中国工商银行,Hong Kong,CNE1000003G1,1398 HK,1398,,1398.HK,1398.HK,,HKSE,56
0763.HK,ZTE CORP-H,Hong Kong,CNE1000004Y2,763 HK,0763,,0763.HK,0763.HK,,HKSE,
2328.HK,PICC PROPERTY & CASUALTY-H,Hong Kong,CNE100000593,2328 HK,2328,,2328.HK,2328.HK,,HKSE,
0916.HK,CHINA LONGYUAN POWER GROUP-H,Hong Kong,CNE100000HD4,916 HK,0916,,0916.HK,0916.HK,,HKSE,
2238.HK,广汽集团,Hong Kong,CNE100000Q35,2238 HK,2238,,2238.HK,2238.HK,,HKSE,
1288.HK,AGRICULTURAL BANK OF CHINA-H,Hong Kong,CNE100000Q43,1288 HK,1288,,1288.HK,1288.HK,,HKSE,
6030.HK,CITIC中信证券,Hong Kong,CNE1000016V2,6030 HK,6030,,6030.HK,6030.HK,,HKSE,135
2202.HK,CHINA VANKE CO LTD-H,Hong Kong,CNE100001SR9,2202 HK,2202,,2202.HK,2202.HK,,HKSE,
6865.HK,FLAT GLASS GROUP CO LTD-H,Hong Kong,CNE100002375,6865 HK,6865,,6865.HK,6865.HK,,HKSE,
6060.HK,ZHONGAN ONLINE P&C INSURAN-H,Hong Kong,CNE100002QY7,6060 HK,6060,,6060.HK,6060.HK,,HKSE,
6185.HK,CANSINO BIOLOGICS INC-H,Hong Kong,CNE100003F01,6185 HK,6185,,6185.HK,6185.HK,,HKSE,
0762.HK,中国联通,Hong Kong,HK0000049939,762 HK,0762,,0762.HK,0762.HK,,HKSE,
0002.HK,CLP中电控股,Hong Kong,HK0002007356,2 HK,0002,,0002.HK,0002.HK,,HKSE,73
0003.HK,HONG KONG & CHINA GAS,Hong Kong,HK0003000038,3 HK,0003,,0003.HK,0003.HK,,HKSE,
0006.HK,电能实业,Hong Kong,HK0006000050,6 HK,0006,,0006.HK,0006.HK,,HKSE,126
0011.HK,HANG SENG 恒生银行,Hong Kong,HK0011000095,11 HK,0011,,0011.HK,0011.HK,,HKSE,
0027.HK,Galaxy银河娱乐,Hong Kong,HK0027032686,27 HK,0027,,0027.HK,0027.HK,,HKSE,160
0066.HK,MTR CORP,Hong Kong,HK0066009694,66 HK,0066,,0066.HK,0066.HK,,HKSE,137
0293.HK,国泰航空CATHAY PACIFIC,Hong Kong,HK0293001514,293 HK,0293,,0293.HK,0293.HK,,HKSE,
0688.HK,中国海外投资,Hong Kong,HK0688002218,688 HK,0688,,0688.HK,0688.HK,,HKSE,164
0836.HK,CHINA RESOURCES POWER HOLDIN,Hong Kong,HK0836012952,836 HK,0836,,0836.HK,0836.HK,,HKSE,
2388.HK,中国银行,Hong Kong,HK2388011192,2388 HK,2388,,2388.HK,2388.HK,,HKSE,103
6993.HK,BLUE MOON GROUP HOLDINGS LTD,Hong Kong,KYG1193D1097,6993 HK,6993,,6993.HK,6993.HK,,HKSE,
1109.HK,CHINA RESOURCES LAND LTD,Hong Kong,KYG2108Y1052,1109 HK,1109,,1109.HK,1109.HK,,HKSE,
3333.HK,CHINA EVERGRANDE GROUP,Hong Kong,KYG2119W1069,3333 HK,3333,,3333.HK,3333.HK,,HKSE,
0001.HK,CK长江和记实业,Hong Kong,KYG217651051,1 HK,0001,,0001.HK,0001.HK,,HKSE,97
1113.HK,CK长江和记置业,Hong Kong,KYG2177B1014,1113 HK,1113,,1113.HK,1113.HK,,HKSE,198
6098.HK,COUNTRY GARDEN SERVICES HOLD,Hong Kong,KYG2453A1085,6098 HK,6098,,6098.HK,6098.HK,,HKSE,
2018.HK,AAC TECHNOLOGIES HOLDINGS IN,Hong Kong,KYG2953R1149,2018 HK,2018,,2018.HK,2018.HK,,HKSE,
9698.HK,GDS HOLDINGS LTD-CL A,Hong Kong,KYG3902L1095,9698 HK,9698,,9698.HK,9698.HK,,HKSE,
6862.HK,海底捞,Hong Kong,KYG4290A1013,6862 HK,6862,,6862.HK,6862.HK,,HKSE,117
6618.HK,京东健康,Hong Kong,KYG5074A1004,6618 HK,6618,,6618.HK,6618.HK,,HKSE,86
2618.HK,JD LOGISTICS INC,Hong Kong,KYG5074S1012,2618 HK,2618,,2618.HK,2618.HK,,HKSE,
9922.HK,JIUMAOJIU INTERNATIONAL HOLD,Hong Kong,KYG5141L1059,9922 HK,9922,,9922.HK,9922.HK,,HKSE,
0960.HK,LONGFOR GROUP HOLDINGS LTD,Hong Kong,KYG5635P1090,960 HK,0960,,0960.HK,0960.HK,,HKSE,
0853.HK,MICROPORT SCIENTIFIC CORP,Hong Kong,KYG608371046,853 HK,0853,,0853.HK,0853.HK,,HKSE,
0909.HK,MING YUAN CLOUD GROUP HOLDIN,Hong Kong,KYG6142R1092,909 HK,0909,,0909.HK,0909.HK,,HKSE,
9992.HK,POP MART INTERNATIONAL GROUP,Hong Kong,KYG7170M1033,9992 HK,9992,,9992.HK,9992.HK,,HKSE,
1928.HK,SANDS CHINA LTD,Hong Kong,KYG7800X1079,1928 HK,1928,,1928.HK,1928.HK,,HKSE,
6969.HK,SMOORE INTERNATIONAL HOLDING,Hong Kong,KYG8245V1023,6969 HK,6969,,6969.HK,6969.HK,,HKSE,
2382.HK,SUNNY OPTICAL TECH,Hong Kong,KYG8586D1097,2382 HK,2382,,2382.HK,2382.HK,,HKSE,82
9868.HK,XPENG INC - CLASS A SHARES,Hong Kong,KYG982AW1003,9868 HK,9868,,9868.HK,9868.HK,,HKSE,
2013.HK,WEIMOB INC,Hong Kong,KYG9T20A1060,2013 HK,2013,,2013.HK,2013.HK,,HKSE,
1519.HK,J&T极兔快递,Hong Kong,,1519 HK,1519,,1519.HK,1519.HK,,HKSE,
2822.HK,第一太平有限公司,Hong Kong,,2822 HK,2822,,2822.HK,2822.HK,,HKSE,39
3033.HK,恒大集团,Hong Kong,,3033 HK,3033,,3033.HK,3033.HK,,HKSE,42
9626.HK,中国人寿,Hong Kong,,9626 HK,9626,,9626.HK,9626.HK,,HKSE,44
1801.HK,中国通信服务,Hong Kong,,1801 HK,1801,,1801.HK,1801.HK,,HKSE,115
6066.HK,CSC Financial,Hong Kong,,6066 HK,6066,,6066.HK,6066.HK,,HKSE,141
9633.HK,农夫山泉,Hong Kong,,9633 HK,9633,,9633.HK,9633.HK,,HKSE,143
1772.HK,赣锋锂业,Hong Kong,,1772 HK,1772,,1772.HK,1772.HK,,HKSE,145
2601.HK,中国太平洋保险,Hong Kong,,2601 HK,2601,,2601.HK,2601.HK,,HKSE,147
1336.HK,新中国人寿,Hong Kong,,1336 HK,1336,,1336.HK,1336.HK,,HKSE,158
6886.HK,华泰证券,Hong Kong,,6886 HK,6886,,6886.HK,6886.HK,,HKSE,168
1988.HK,民生银行,Hong Kong,,1988 HK,1988,,1988.HK,1988.HK,,HKSE,171
0939.HK,CCB 建设银行,Hong Kong,,939 HK,0939,,0939.HK,0939.HK,,HKSE,176
2313.HK,神州集团,Hong Kong,,2313 HK,2313,,2313.HK,2313.HK,,HKSE,182
1658.HK,邮储银行,Hong Kong,,1658 HK,1658,,1658.HK,1658.HK,,HKSE,188
1138.HK,COSCO能源运输,Hong Kong,,1138 HK,1138,,1138.HK,1138.HK,,HKSE,194
1339.HK,中国人保,Hong Kong,,1339 HK,1339,,1339.HK,1339.HK,,HKSE,196
2502.JT,ASAHI GROUP HOLDINGS LTD,Japan,JP3116000005,2502 JT,2502,,2502.T,2502.T,,JPX,
9984.JT,SOFTBANK软银集团,Japan,JP3436100006,9984 JT,9984,,9984.T,9984.T,,JPX,
6902.JT,DENSO CORP,Japan,JP3551500006,6902 JT,6902,,6902.T,6902.T,,JPX,
7203.JP,丰田汽车TOYOTA,Japan,JP3633400001,7203 JP,7203,,7203.T,7203.T,,JPX,
7201.JP,尼桑汽车NISSAN,Japan,JP3672400003,7201 JP,7201,,7201.T,7201.T,,JPX,
9201.JT,日本航空JA,Japan,JP3705200008,9201 JT,9201,,9201.T,9201.T,,JPX,
8604.JP,野村证券Nomura,Japan,JP3762600009,8604 JP,8604,,8604.T,8604.T,,JPX,
6501.JT,HITACHI LTD,Japan,JP3788600009,6501 JT,6501,,6501.T,6501.T,,JPX,
6954.JT,FANUC CORP,Japan,JP3802400006,6954 JT,6954,,6954.T,6954.T,,JPX,
6702.JT,FUJITSU LIMITED,Japan,JP3818000006,6702 JT,6702,,6702.T,6702.T,,JPX,
7267.JT,HONDA MOTOR CO LTD,Japan,JP3854600008,7267 JT,7267,,7267.T,7267.T,,JPX,
8316.JT,三井住友,Japan,,8316 JT,8316,,8316.T,8316.T,,JPX,29
8411.JT,Mizuho瑞穗金融,Japan,,8411 JT,8411,,8411.T,8411.T,,JPX,52
8031.JT,三菱UFJ金融,Japan,,8031 JT,8031,,8031.T,8031.T,,JPX,55
8053.JT,新生银行株式会社,Japan,,8053 JT,8053,,8053.T,8053.T,,JPX,72
8002.JT,Mitsui Fudosan 三井不动产,Japan,,8002 JT,8002,,8002.T,8002.T,,JPX,99
8697.JT,日本交易所,Japan,,8697 JT,8697,,8697.T,8697.T,,JPX,123
8001.JT,ITOCHU伊藤忠,Japan,,8001 JT,8001,,8001.T,8001.T,,JPX,146
8410.JT,三井住友信托,Japan,,8410 JT,8410,,8410.T,8410.T,,JPX,167
9020.JT,东日本旅客铁路,Japan,,9020 JT,9020,,9020.T,9020.T,,JPX,170
005930.KS,三星电子,Korean,KR7005930003,005930 KS,005930,,005930.KS,005930.KS,,KSC,
AZN.LN,ASTRAZENECA PLC,Others,GB0009895292,AZN LN,AZN,,AZN.L,AZN.L,,LSE,
RTN.LN,RESTAURANT GROUP PLC,Others,GB00B0YG1K06,RTN LN,RTN,,,,,LSE,
GSK.LN,GSK,Others,GB00BN7SWP63,GSK LN,GSK,,GSK.L,GSK.L,,LSE,
BARC.LN,Barclays巴克莱,Others,,BARC LN,BARC,,BARC.L,BARC.L,,LSE,121
SPT.US,Sprout,Singapore,,SPT US,SPT,,SPT.O,SPT.O,,NASDAQ,53
JD.US,京东,US,US47215P1066,JD US,JD,JD,JD.O,JD.O,,NASDAQ,24
PDD.US,拼多多,US,US7223041028,PDD US,PDD,PDD,PDD.O,PDD.O,,NASDAQ,11
NTES.US,网易,US,US64110W1027,NTES US,NTES,NTES,NTES.O,NTES.O,,NASDAQ,
BILI.US,哔哩哔哩,US,US0900401060,BILI US,BILI,BILI,BILI.O,BILI.O,,NASDAQ,
BIDU.US,百度,US,US0567521085,BIDU US,BIDU,BIDU,BIDU.O,BIDU.O,,NASDAQ,34
LI.US,理想汽车,US,US50202M1027,LI US,LI,LI,LI.O,LI.O,,NASDAQ,92
FUTU.US,富途,US,US36118L1061,FUTU US,FUTU,FUTU,FUTU.O,FUTU.O,,NASDAQ,28
AMZN.US,Amazon,US,US0231351067,AMZN US,AMZN,AMZN,AMZN.O,AMZN.O,,NASDAQ,20
NFLX.US,Netflix,US,US64110L1061,NFLX US,NFLX,NFLX,NFLX.O,NFLX.O,,NASDAQ,47
META.US,Meta Platforms,US,US30303M1027,META US,META,META,META.O,META.O,,NASDAQ,19
GOOGL.US,Alphabet,US,US02079K3059,GOOGL US,GOOGL,GOOGL,GOOGL.O,GOOGL.O,,NASDAQ,4
MSFT.US,微软Microsoft,US,US5949181045,MSFT US,MSFT,MSFT,MSFT.O,MSFT.O,,NASDAQ,8
DDOG.US,Datadog,US,US23804L1035,DDOG US,DDOG,DDOG,DDOG.O,DDOG.O,,NASDAQ,
ZS.US,Zscaler,US,US98980G1022,ZS US,ZS,ZS,ZS.O,ZS.O,,NASDAQ,
ADBE.US,Adobe,US,US00724F1012,ADBE US,ADBE,ADBE,ADBE.O,ADBE.O,,NASDAQ,49
ABNB.US,AirBnb,US,US0090661010,ABNB US,ABNB,ABNB,ABNB.O,ABNB.O,,NASDAQ,91
AAPL.US,苹果Apple,US,US0378331005,AAPL US,AAPL,AAPL,AAPL.O,AAPL.O,,NASDAQ,5
MAR.US,万豪Marriot,US,US5719032022,MAR US,MAR,MAR,MAR.O,MAR.O,,NASDAQ,
MU.US,Micron Technologies,US,US5951121038,MU US,MU,MU,MU.O,MU.O,,NASDAQ,66
AMD.US,AMD,US,US0079031078,AMD US,AMD,AMD,AMD.O,AMD.O,,NASDAQ,2
NVDA.US,Nvidia,US,US67066G1040,NVDA US,NVDA,NVDA,NVDA.O,NVDA.O,,NASDAQ,6
INTC.US,Intel,US,US4581401001,INTC US,INTC,INTC,INTC.O,INTC.O,,NASDAQ,27
QCOM.US,Qualcomm,US,US7475251036,QCOM US,QCOM,QCOM,QCOM.O,QCOM.O,,NASDAQ,77
PYPL.US,PayPal,US,US70450Y1038,PYPL US,PYPL,PYPL,PYPL.O,PYPL.O,,NASDAQ,33
TSLA.US,特斯拉 Tesla,US,US88160R1014,TSLA US,TSLA,TSLA,TSLA.O,TSLA.O,,NASDAQ,1
ZM.US,Zoom Communication,US,US98980L1017,ZM US,ZM,ZM,ZM.O,ZM.O,,NASDAQ,
COST.US,Costco Wholesale,US,US22160K1051,COST US,COST,COST,COST.O,COST.O,,NASDAQ,125
AAL.US,美国航空,US,US02376R1023,AAL US,AAL,AAL,AAL.O,AAL.O,,NASDAQ,50
AMAT.US,APPLIED应用材料公司,US,US0382221051,AMAT US,AMAT,AMAT,AMAT.O,AMAT.O,,NASDAQ,87
TEAM.US,ATLASSIAN CORP-CL A,US,US0494681010,TEAM US,TEAM,TEAM,TEAM.O,TEAM.O,,NASDAQ,
BYND.US,BEYOND MEAT,US,US08862E1091,BYND US,BYND,BYND,BYND.O,BYND.O,,NASDAQ,134
BNTX.US,BIONTECH SE-ADR,US,US09075V1026,BNTX US,BNTX,BNTX,BNTX.O,BNTX.O,,NASDAQ,
CZR.US,CAESARS ENTERTAINMENT INC,US,US12769G1004,CZR US,CZR,CZR,CZR.O,CZR.O,,NASDAQ,
CRWD.US,CrowdStrike,US,US22788C1053,CRWD US,CRWD,CRWD,CRWD.O,CRWD.O,,NASDAQ,60
DBX.US,DROPBOX,US,US26210C1045,DBX US,DBX,DBX,DBX.O,DBX.O,,NASDAQ,
ETSY.US,ETSY,US,US29786A1060,ETSY US,ETSY,ETSY,ETSY.O,ETSY.O,,NASDAQ,
FFIE.US,FARADAY FUTURE INTELLIGENT E,US,US3073595056,FFIE US,FFIE,FFIE,FFIE.O,FFIE.O,,NASDAQ,
GILD.US,GILEAD SCIENCES INC,US,US3755581036,GILD US,GILD,GILD,GILD.O,GILD.O,,NASDAQ,
ILMN.US,ILLUMINA INC,US,US4523271090,ILMN US,ILMN,ILMN,ILMN.O,ILMN.O,,NASDAQ,
IBKR.US,IB盈透证券,US,US45841N1072,IBKR US,IBKR,IBKR,IBKR.O,IBKR.O,,NASDAQ,162
ISRG.US,INTUITIVE SURGICAL INC,US,US46120E6023,ISRG US,ISRG,ISRG,ISRG.O,ISRG.O,,NASDAQ,
LYFT.US,LYFT,US,US55087P1049,LYFT US,LYFT,LYFT,LYFT.O,LYFT.O,,NASDAQ,
NVAX.US,NOVAVAX INC,US,US6700024010,NVAX US,NVAX,NVAX,NVAX.O,NVAX.O,,NASDAQ,
HOOD.US,ROBINHOOD,US,US7707001027,HOOD US,HOOD,HOOD,HOOD.O,HOOD.O,,NASDAQ,166
ROKU.US,ROKU,US,US77543R1023,ROKU US,ROKU,ROKU,ROKU.O,ROKU.O,,NASDAQ,94
SBUX.US,STARBUCKS星巴克,US,US8552441094,SBUX US,SBUX,SBUX,SBUX.O,SBUX.O,,NASDAQ,152
TXN.US,TI德州仪器,US,US8825081040,TXN US,TXN,TXN,TXN.O,TXN.O,,NASDAQ,151
UAL.US,联合航空,US,US9100471096,UAL US,UAL,UAL,UAL.O,UAL.O,,NASDAQ,57
GDS.US,GDS HOLDINGS LTD - ADR,US,US36165L1089,GDS US,GDS,GDS,GDS.O,GDS.O,,NASDAQ,
MOMO.US,陌陌MOMO,US,US4234031049,MOMO US,MOMO,MOMO,MOMO.O,MOMO.O,,NASDAQ,
IMAB.US,I-MAB-SPONSORED ADR,US,US44975P1030,IMAB US,IMAB,IMAB,IMAB.O,IMAB.O,,NASDAQ,
IQ.US,爱奇艺IQIYI,US,US46267X1081,IQ US,IQ,IQ,IQ.O,IQ.O,,NASDAQ,
KC.US,金山软件,US,US49639K1016,KC US,KC,KC,KC.O,KC.O,,NASDAQ,
ARM.US,ARM Holdings PLC,US,US0420682058,ARM US,ARM,ARM,ARM.O,ARM.O,,NASDAQ,38
AVGO.US,Broadcom,US,,AVGO US,AVGO,AVGO,AVGO.O,AVGO.O,,NASDAQ,116
ASML.US,ASML,US,,ASML US,ASML,ASML,ASML.O,ASML.O,,NASDAQ,12
COIN.US,Coinbase,US,,COIN US,COIN,COIN,COIN.O,COIN.O,,NASDAQ,23
MRNA.US,Moderna莫德纳,US,,MRNA US,MRNA,MRNA,MRNA.O,MRNA.O,,NASDAQ,43
SMCI.US,超微计算机,US,,SMCI US,SMCI,SMCI,SMCI.O,SMCI.O,,NASDAQ,76
RIVN.US,Rivian汽车,US,,RIVN US,RIVN,RIVN,RIVN.O,RIVN.O,,NASDAQ,110
PANW.US,Palo Alto Networks,US,,PANW US,PANW,PANW,PANW.O,PANW.O,,NASDAQ,127
WBD.US,Wells Fargo富国,US,,WBD US,WBD,WBD,WBD.O,WBD.O,,NASDAQ,138
MDB.US,MongoDB,US,,MDB US,MDB,MDB,MDB.O,MDB.O,,NASDAQ,190
ON.US,ON Semiconductor,US,,ON US,ON,ON,ON.O,ON.O,,NASDAQ,149
CMCSA.US,Comcast,US,,CMCSA US,CMCSA,CMCSA,CMCSA.O,CMCSA.O,,NASDAQ,153
WYNN.US,Wynn Resorts Ltd,US,,WYNN US,WYNN,WYNN,WYNN.O,WYNN.O,,NASDAQ,159
LRCX.US,Lam Research,US,,LRCX US,LRCX,LRCX,LRCX.O,LRCX.O,,NASDAQ,180
CME.US,CME集团,US,,CME US,CME,CME,CME.O,CME.O,,NASDAQ,183
MARA.US,Marathon Digital,US,,MARA US,MARA,MARA,MARA.O,MARA.O,,NASDAQ,184
SNPS.US,Synopsys,US,,SNPS US,SNPS,SNPS,SNPS.O,SNPS.O,,NASDAQ,191
TTD.US,Trade Desk,US,,TTD US,TTD,TTD,TTD.O,TTD.O,,NASDAQ,197
MRVL.US,Marvell,US,,MRVL US,MRVL,MRVL,MRVL.O,MRVL.O,,NASDAQ,142
TRIP.US,Tripadvisor,US,,TRIP US,TRIP,TRIP,TRIP.O,TRIP.O,,NASDAQ,139
LULU.US,LuluLemon,US,,LULU US,LULU,LULU,LULU.O,LULU.O,,NASDAQ,129
JPM.US,JP Morgan,Japan,US46625H1005,JPM US,JPM,JPM,JPM.N,JPM.N,,NYSE,46
SPOT.US,SPOTIFY,Singapore,LU1778762911,SPOT US,SPOT,SPOT,SPOT.N,SPOT.N,,NYSE,163
BABA.US,阿里巴巴,US,US01609W1027,BABA US,BABA,BABA,BABA.N,BABA.N,,NYSE,79
BEKE.US,贝壳找房,US,US4824971042,BEKE US,BEKE,BEKE,BEKE.N,BEKE.N,,NYSE,
NIO.US,蔚来汽车,US,US62914V1061,NIO US,NIO,NIO,NIO.N,NIO.N,,NYSE,119
XPEV.US,小鹏汽车,US,US98422D1054,XPEV US,XPEV,XPEV,XPEV.N,XPEV.N,,NYSE,
TSM.US,台积电,US,US8740391003,TSM US,TSM,TSM,TSM.N,TSM.N,,NYSE,7
ORCL.US,甲骨文Oracle,US,US68389X1054,ORCL US,ORCL,ORCL,ORCL.N,ORCL.N,,NYSE,102
AI.US,C3.ai,US,US12468P1049,AI US,AI,AI,AI.N,AI.N,,NYSE,
CRM.US,Salesforce,US,US79466L3024,CRM US,CRM,CRM,CRM.N,CRM.N,,NYSE,78
DIS.US,迪士尼Disney,US,US2546871060,DIS US,DIS,DIS,DIS.N,DIS.N,,NYSE,16
MGM.US,MGM International,US,US5529531015,MGM US,MGM,MGM,MGM.N,MGM.N,,NYSE,192
CCL.US,Carnival,US,PA1436583006,CCL US,CCL,CCL,CCL.N,CCL.N,,NYSE,130
WFC.US,Wells Fargo,US,US9497461015,WFC US,WFC,WFC,WFC.N,WFC.N,,NYSE,32
SQ.US,Block,US,US8522341036,SQ US,SQ,SQ,SQ.N,SQ.N,,NYSE,65
BA.US,Boeing,US,US0970231058,BA US,BA,BA,BA.N,BA.N,,NYSE,
FCX.US,Freeport-McMoRan,US,US35671D8570,FCX US,FCX,FCX,FCX.N,FCX.N,,NYSE,96
SE.US,Sea,US,US81141R1005,SE US,SE,SE,SE.N,SE.N,,NYSE,45
NKE.US,耐克Nike,US,US6541061031,NKE US,NKE,NKE,NKE.N,NKE.N,,NYSE,61
UBER.US,Uber,US,US90353T1007,UBER US,UBER,UBER,UBER.N,UBER.N,,NYSE,68
WMT.US,Walmart,US,US9311421039,WMT US,WMT,WMT,WMT.N,WMT.N,,NYSE,
T.US,AT&T,US,,T US,T,T,T.N,T.N,,NYSE,
PFE.US,辉瑞制药,US,,PFE US,PFE,PFE,PFE.N,PFE.N,,NYSE,85
SHOP.US,SHOPIFY,US,CA82509L1076,SHOP US,SHOP,SHOP,SHOP.N,SHOP.N,,NYSE,154
AMC.US,AMC ENTERTAINMENT HLDS-CL A,US,US00165C3025,AMC US,AMC,AMC,AMC.N,AMC.N,,NYSE,
AA.US,Alcoa,US,US0138721065,AA US,AA,AA,AA.N,AA.N,,NYSE,113
CAT.US,CATERPILLAR INC,US,US1491231015,CAT US,CAT,CAT,CAT.N,CAT.N,,NYSE,
CVX.US,雪佛兰CHEVRON,US,US1667641005,CVX US,CVX,CVX,CVX.N,CVX.N,,NYSE,70
C.US,花旗集团CITIGROUP,US,US1729674242,C US,C,C,C.N,C.N,,NYSE,31
KO.US,可口可乐COCACOLA,US,US1912161007,KO US,KO,KO,KO.N,KO.N,,NYSE,81
DAL.US,DELTA AIR LINES INC,US,US2473617023,DAL US,DAL,DAL,DAL.N,DAL.N,,NYSE,
DASH.US,DOORDASH,US,US25809K1051,DASH US,DASH,DASH,DASH.N,DASH.N,,NYSE,
F.US,福特汽车FORD,US,US3453708600,F US,F,F,F.N,F.N,,NYSE,
YMM.US,FULL TRUCK ALLIANCE -SPN ADR,US,US35969L1089,YMM US,YMM,YMM,YMM.N,YMM.N,,NYSE,
GM.US,通用汽车GMC,US,US37045V1008,GM US,GM,GM,GM.N,GM.N,,NYSE,64
GS.US,GOLDMAN SACHS高盛,US,US38141G1040,GS US,GS,GS,GS.N,GS.N,,NYSE,
K.US,KELLOGG CO,US,US4878361082,K US,K,K,K.N,K.N,,NYSE,
LVS.US,LAS VEGAS SANDS CORP,US,US5178341070,LVS US,LVS,LVS,LVS.N,LVS.N,,NYSE,
MA.US,MASTERCARD INC - A,US,US57636Q1040,MA US,MA,MA,MA.N,MA.N,,NYSE,
MCD.US,麦当劳MCDONALD,US,US5801351017,MCD US,MCD,MCD,MCD.N,MCD.N,,NYSE,59
MS.US,MORGAN STANLEY,US,US6174464486,MS US,MS,MS,MS.N,MS.N,,NYSE,144
PLTR.US,PALANTIR,US,US69608A1088,PLTR US,PLTR,PLTR,PLTR.N,PLTR.N,,NYSE,58
RBLX.US,ROBLOX,US,US7710491033,RBLX US,RBLX,RBLX,RBLX.N,RBLX.N,,NYSE,122
NOW.US,ServiceNow,US,US81762P1021,NOW US,NOW,NOW,NOW.N,NOW.N,,NYSE,
SNAP.US,SNAP INC - A,US,US83304A1060,SNAP US,SNAP,SNAP,SNAP.N,SNAP.N,,NYSE,
SNOW.US,SNOWFLAKE,US,US8334451098,SNOW US,SNOW,SNOW,SNOW.N,SNOW.N,,NYSE,62
TEF.US,TELEFONICA SA-SPON ADR,US,US8793822086,TEF US,TEF,TEF,TEF.N,TEF.N,,NYSE,
X.US,UNITED STATES STEEL CORP,US,US9129091081,X US,X,X,X.N,X.N,,NYSE,
U.US,UNITY软件,US,US91332U1016,U US,U,U,U.N,U.N,,NYSE,54
V.US,VISA,US,US92826C8394,V US,V,V,V.N,V.N,,NYSE,132
HUYA.US,HUYA INC-ADR,US,US44852D1081,HUYA US,HUYA,HUYA,HUYA.N,HUYA.N,,NYSE,
EDU.US,新东方教育,US,US6475812060,EDU US,EDU,EDU,EDU.N,EDU.N,,NYSE,
QD.US,趣店QUDIAN,US,US7477981069,QD US,QD,QD,QD.N,QD.N,,NYSE,
TAL.US,TAL EDUCATION GROUP- ADR,US,US8740801043,TAL US,TAL,TAL,TAL.N,TAL.N,,NYSE,
TME.US,腾讯音乐,US,US88034P1093,TME US,TME,TME,TME.N,TME.N,,NYSE,177
VIPS.US,VIPSHOP HOLDINGS LTD - ADR,US,US92763W1036,VIPS US,VIPS,VIPS,VIPS.N,VIPS.N,,NYSE,
YSG.US,YATSEN HOLDING LTD-ADR,US,US9851941099,YSG US,YSG,YSG,YSG.N,YSG.N,,NYSE,
OXY.US,Occidental Petroleum,US,,OXY US,OXY,OXY,OXY.N,OXY.N,,NYSE,18
BAC.US,美国银行,US,,BAC US,BAC,BAC,BAC.N,BAC.N,,NYSE,36
MMM.US,3M,US,,MMM US,MMM,MMM,MMM.N,MMM.N,,NYSE,48
NVO.US,诺和诺德,US,,NVO US,NVO,NVO,NVO.N,NVO.N,,NYSE,63
BX.US,黑石Blackstone,US,,BX US,BX,BX,BX.N,BX.N,,NYSE,80
MET.US,大都会人寿,US,,MET US,MET,MET,MET.N,MET.N,,NYSE,83
UNH.US,联合健康 UnitedHealth,US,,UNH US,UNH,UNH,UNH.N,UNH.N,,NYSE,84
TM.US,丰田汽车,US,,TM US,TM,TM,TM.N,TM.N,,NYSE,95
DELL.US,Dell戴尔电脑,US,,DELL US,DELL,DELL,DELL.N,DELL.N,,NYSE,101
COP.US,ConocoPhillips,US,,COP US,COP,COP,COP.N,COP.N,,NYSE,104
EL.US,Estée Lauder雅思兰黛,US,,EL US,EL,EL,EL.N,EL.N,,NYSE,105
VZ.US,Verizon,US,,VZ US,VZ,VZ,VZ.N,VZ.N,,NYSE,106
FDX.US,FedEx联邦快递,US,,FDX US,FDX,FDX,FDX.N,FDX.N,,NYSE,107
GE.US,General Electric 通用电子,US,,GE US,GE,GE,GE.N,GE.N,,NYSE,109
CVS.US,CVS健康,US,,CVS US,CVS,CVS,CVS.N,CVS.N,,NYSE,128
BLK.US,BlackRock,US,,BLK US,BLK,BLK,BLK.N,BLK.N,,NYSE,136
NET.US,Cloudflare,US,,NET US,NET,NET,NET.N,NET.N,,NYSE,150
AXP.US,美国运通,US,,AXP US,AXP,AXP,AXP.N,AXP.N,,NYSE,155
ALB.US,Albemarle,US,,ALB US,ALB,ALB,ALB.N,ALB.N,,NYSE,165
TSN.US,泰森食品,US,,TSN US,TSN,TSN,TSN.N,TSN.N,,NYSE,169
KMB.US,Kimberly-Clark,US,,KMB US,KMB,KMB,KMB.N,KMB.N,,NYSE,172
LLY.US,Eli Lilly礼来,US,,LLY US,LLY,LLY,LLY.N,LLY.N,,NYSE,178
TWLO.US,Twilio,US,,TWLO US,TWLO,TWLO,TWLO.N,TWLO.N,,NYSE,179
CHPT.US,ChargePoint,US,,CHPT US,CHPT,CHPT,CHPT.N,CHPT.N,,NYSE,181
GOLD.US,Barrick Gold,US,,GOLD US,GOLD,GOLD,GOLD.N,GOLD.N,,NYSE,185
STM.US,意法半导体,US,,STM US,STM,STM,STM.N,STM.N,,NYSE,193
TMO.US,Thermo Fisher,US,,TMO US,TMO,TMO,TMO.N,TMO.N,,NYSE,195
NCLH.US,Norwegian挪威邮轮,US,,NCLH US,NCLH,NCLH,NCLH.N,NCLH.N,,NYSE,148
BRKb.US,伯克希尔-B,US,,BRK/B US,BRKb,BRKb,BRKb.N,BRKb.N,,NYSE,37
C38U.SI,CapitaLand Integrated Commercial Trust,Singapore,SG1M51904654,CICT SP,C38U,,CMLT.SI,CMLT.SI,,SES,
A17U.SI,Mapletree Pan Asia Commercial Trust,Singapore,SG1M77906915,MPACT SP,A17U,,,,,SES,
N2IU.SI,Capitaland Ascendas REIT,Singapore,SG2D18969584,CLAR SP,N2IU,,CAPD.SI,CAPD.SI,,SES,
D01.SI,DFI RETAIL GROUP HOLDINGS LT,Singapore,BMG2624N1535,DFI SP,D01,,,,,SES,
AJBU.SI,KEPPEL DC REIT,Singapore,SG1AF6000009,KDCREIT SP,AJBU,,,KEPE.SI,,SES,
S68.SI,新加坡交易所,Singapore,SG1J26887955,SGX SP,S68,,SGXL.SI,SGXL.SI,,SES,
D05.SI,DBS银行,Singapore,SG1L01001701,DBS SP,D05,,DBSM.SI,DBSM.SI,,SES,
O39.SI,华侨银行OCBC,Singapore,SG1S04926220,OCBC SP,O39,,OCBC.SI,OCBC.SI,,SES,
F34.SI,WILMAR INTERNATIONAL LTD,Singapore,SG1T56930848,WIL SP,F34,,WLIL.SI,WLIL.SI,,SES,
Z74.SI,新加坡电信ST,Singapore,SG1T75931496,ST SP,Z74,,STEL.SI,STEL.SI,,SES,
BN4.SI,KEPPEL CORP LTD,Singapore,SG1U68934629,KEP SP,BN4,,KASA.SI,KASA.SI,,SES,
C6L.SI,新加坡航空SA,Singapore,SG1V61937297,SIA SP,C6L,,SIAL.SI,SIAL.SI,,SES,
UBSG.SW,瑞银集团UBS AG,Others,CH0244767585,UBSG SW,UBSG,,-,UBSG.S,,SIX,
DTE.GY,德国电讯,Others,,DTE GY,DTE,,DTEGn.DE,DTEGn.DE,,XETRA,
SAP.GY,SAP软件,Others,DE0007164600,SAP GY,SAP,,SAPG.DE,SAPG.DE,,XETRA,
SIE.GY,西门子Simens,Others,DE0007236101,SIE GY,SIE,,SIEGn.DE,SIEGn.DE,,XETRA,
VOW3.GY,大众VOLKSWAGEN,Others,DE0007664039,VOW3 GY,VOW3,,VOWG_p.DE,VOWG_p.DE,,XETRA,
ALV.GY,安联ALLIANZ,Others,DE0008404005,ALV GY,ALV,,ALVG.DE,ALVG.DE,,XETRA,
BAYN.GY,拜耳BAYER,Others,DE000BAY0017,BAYN GY,BAYN,,BAYGn.DE,BAYGn.DE,,XETRA,
PAH3.GY,保时捷PORSCHE,Others,DE000PAH0038,PAH3 GY,PAH3,,PSHG_p.DE,PSHG_p.DE,,XETRA,
